Model,Type,Accuracy,Precision,Recall,F1-Score,AUC
Random Forest,Traditional ML,0.6363636363636364,0.6,1.0,0.7499999999999999,0.8666666666666667
Naive Bayes,Traditional ML,0.9090909090909091,0.8571428571428571,1.0,0.923076923076923,1.0
Svm,Traditional ML,0.6363636363636364,0.6,1.0,0.7499999999999999,0.0
Logistic Regression,Traditional ML,0.6363636363636364,0.6,1.0,0.7499999999999999,1.0
