Model,Accuracy,Precision,Recall,F1-Score,AUC
Naive Bayes,0.8181818181818182,0.75,1.0,0.8571428571428571,1.0
Svm,0.6363636363636364,0.6,1.0,0.7499999999999999,0.0
Random Forest,0.6363636363636364,0.6,1.0,0.7499999999999999,0.9666666666666668
Logistic Regression,0.6363636363636364,0.6,1.0,0.7499999999999999,1.0
